INSERT INTO TB_PROFESSOR(ID_PROFESSOR, NOME_PROFESSOR)
VALUES('JOI', 'JOILSON CARDOSO'),
('OSE', 'OSEAS SANTANA'),
('VIT', 'VITOR VASCONCELOS'),
('FER', 'JOSE ROBERTO FERROLI'),
('LIM', 'VALMIR LIMA'),
('EDS', 'EDSON SILVA'),
('WAG', 'WAGNER OKIDA');

INSERT INTO TB_ESTADO(SIGLA_ESTADO, NOME_ESTADO)
VALUES('SP', 'SÃO PAULO'),
('PI', 'PIAUÍ');

INSERT INTO TB_CLASSE(ID_CLASSE, ID_ANDAR)
VALUES('1', 1),
('2', 2),
('3', 3);

INSERT INTO TB_ALUNO(COD_ALUNO, NOME_ALUNO, END_ALUNO, SIGLA_ESTADO, ID_CLASSE)
VALUES(1, 'ANTONIO CARLOS PENTEADO', 'RUA X', 'SP', 1),
(2, 'AUROMIR DA SILVA VALDEVINO', 'RUA W', 'SP', 1),
(3, 'ANDRE COSTA', 'RUA T', 'SP', 1),
(4, 'ROBERTO SOARES DE MENEZES', 'RUA BW', 'SP', 2),
(5, 'DANIA', 'RUA CCC', 'SP', 2),
(6, 'CARLOS MAGALHAES', 'AV SP', 'SP', 2),
(7, 'MARCELO RAUBA', 'AV SAO LUIS', 'SP', 3),
(8, 'FERNANDO', 'AV COUNTYR', 'SP', 3),
(9, 'WALMIR BURIN', 'RUA SSISIS', 'SP', 3),
(10, 'CARUSO DIAS', 'RUA JAMA', 'PI', 3),
(11, 'DINEIRO CARDOSO', 'RUA CRISBA', 'PI', 2),
(12, 'BRUNO ALVARO', 'AV CONDO', 'PI', 3);

INSERT INTO TB_DISCIPLINA(ID_DISCIPLINA, NOME_DISCIPLINA, ID_PROFESSOR_DISCIPLINA, NOTA_MINIMA_DISCIPLINA)
VALUES('MAT', 'MATEMATICA', 'JOI', 7),
('POR', 'PORTUGUES', 'VIT', 5),
('FIS', 'FISICA', 'OSE', 3),
('HIS', 'HISTORIA', 'EDS', 2),
('GEO', 'GEOGRAFIA', 'WAG', 4),
('ING', 'INGLES', 'LIM', 2),
('CIE', 'CIENCIAS', 'WAG', 4),
('EDF', 'EDUCACAO FISICA', 'VIT', 5);

INSERT INTO TB_ALUNO_DISCIPLINA(COD_ALUNO, ID_DISCIPLINA, NOTA_ALUNO)
VALUES(1, 'MAT', 0),
(2, 'MAT', 0),
(3, 'MAT', 1),
(4, 'POR', 2),
(5, 'POR', 2),
(6, 'POR', 2),
(7, 'FIS', 3),
(8, 'FIS', 3),
(9, 'FIS', 3),
(1, 'POR', 2),
(2, 'POR', 2),
(7, 'POR', 2),
(1, 'FIS', 3),
(10, 'EDF', 7),
(11, 'CIE', 4),
(12, 'EDF', 3);